timestamp,device_id,data_type,data_value,numeric_value
2025-06-15 11:31:10,ENV188,Temperature,24.8°C,24.8
2025-06-15 11:31:10,ENV188,Humidity,51.7%,51.7
2025-06-15 11:31:10,ENV188,CO2,776ppm,776.0
2025-06-15 11:31:10,ENV188,AirQuality,35.8,35.8
2025-06-15 11:46:10,ENV919,Temperature,20.0°C,20.0
2025-06-15 11:46:10,ENV919,Humidity,74.0%,74.0
2025-06-15 11:46:10,ENV919,CO2,507ppm,507.0
2025-06-15 11:46:10,ENV919,AirQuality,280.8,280.8
2025-06-15 12:01:10,ENV821,Temperature,26.8°C,26.8
2025-06-15 12:01:10,ENV821,Humidity,40.3%,40.3
2025-06-15 12:01:10,ENV821,CO2,670ppm,670.0
2025-06-15 12:01:10,ENV821,AirQuality,249.5,249.5
2025-06-15 12:16:10,ENV648,Temperature,29.2°C,29.2
2025-06-15 12:16:10,ENV648,Humidity,35.5%,35.5
2025-06-15 12:16:10,ENV648,CO2,550ppm,550.0
2025-06-15 12:16:10,ENV648,AirQuality,378.5,378.5
2025-06-15 12:31:10,ENV188,Temperature,31.5°C,31.5
2025-06-15 12:31:10,ENV188,Humidity,56.8%,56.8
2025-06-15 12:31:10,ENV188,CO2,834ppm,834.0
2025-06-15 12:31:10,ENV188,AirQuality,383.6,383.6
2025-06-15 12:46:10,ENV919,Temperature,31.3°C,31.3
2025-06-15 12:46:10,ENV919,Humidity,60.9%,60.9
2025-06-15 12:46:10,ENV919,CO2,939ppm,939.0
2025-06-15 12:46:10,ENV919,AirQuality,233.6,233.6
2025-06-15 13:01:10,ENV821,Temperature,27.6°C,27.6
2025-06-15 13:01:10,ENV821,Humidity,46.7%,46.7
2025-06-15 13:01:10,ENV821,CO2,808ppm,808.0
2025-06-15 13:01:10,ENV821,AirQuality,157.6,157.6
2025-06-15 13:16:10,ENV648,Temperature,29.2°C,29.2
2025-06-15 13:16:10,ENV648,Humidity,64.0%,64.0
2025-06-15 13:16:10,ENV648,CO2,1303ppm,1303.0
2025-06-15 13:16:10,ENV648,AirQuality,56.6,56.6
2025-06-15 13:31:10,ENV188,Temperature,25.6°C,25.6
2025-06-15 13:31:10,ENV188,Humidity,70.6%,70.6
2025-06-15 13:31:10,ENV188,CO2,361ppm,361.0
2025-06-15 13:31:10,ENV188,AirQuality,424.7,424.7
2025-06-15 13:46:10,ENV919,Temperature,23.3°C,23.3
2025-06-15 13:46:10,ENV919,Humidity,55.4%,55.4
2025-06-15 13:46:10,ENV919,CO2,971ppm,971.0
2025-06-15 13:46:10,ENV919,AirQuality,273.0,273.0
2025-06-15 14:01:10,ENV821,Temperature,27.7°C,27.7
2025-06-15 14:01:10,ENV821,Humidity,68.7%,68.7
2025-06-15 14:01:10,ENV821,CO2,796ppm,796.0
2025-06-15 14:01:10,ENV821,AirQuality,88.4,88.4
2025-06-15 14:16:10,ENV648,Temperature,19.4°C,19.4
2025-06-15 14:16:10,ENV648,Humidity,70.6%,70.6
2025-06-15 14:16:10,ENV648,CO2,478ppm,478.0
2025-06-15 14:16:10,ENV648,AirQuality,104.6,104.6
2025-06-15 14:31:10,ENV188,Temperature,20.2°C,20.2
2025-06-15 14:31:10,ENV188,Humidity,47.5%,47.5
2025-06-15 14:31:10,ENV188,CO2,488ppm,488.0
2025-06-15 14:31:10,ENV188,AirQuality,87.3,87.3
2025-06-15 14:46:10,ENV919,Temperature,18.7°C,18.7
2025-06-15 14:46:10,ENV919,Humidity,68.7%,68.7
2025-06-15 14:46:10,ENV919,CO2,512ppm,512.0
2025-06-15 14:46:10,ENV919,AirQuality,249.6,249.6
2025-06-15 15:01:10,ENV821,Temperature,27.3°C,27.3
2025-06-15 15:01:10,ENV821,Humidity,79.1%,79.1
2025-06-15 15:01:10,ENV821,CO2,576ppm,576.0
2025-06-15 15:01:10,ENV821,AirQuality,324.3,324.3
2025-06-15 15:16:10,ENV648,Temperature,23.3°C,23.3
2025-06-15 15:16:10,ENV648,Humidity,50.9%,50.9
2025-06-15 15:16:10,ENV648,CO2,669ppm,669.0
2025-06-15 15:16:10,ENV648,AirQuality,306.2,306.2
2025-06-15 15:31:10,ENV188,Temperature,22.6°C,22.6
2025-06-15 15:31:10,ENV188,Humidity,54.9%,54.9
2025-06-15 15:31:10,ENV188,CO2,832ppm,832.0
2025-06-15 15:31:10,ENV188,AirQuality,395.5,395.5
2025-06-15 15:46:10,ENV919,Temperature,18.7°C,18.7
2025-06-15 15:46:10,ENV919,Humidity,63.5%,63.5
2025-06-15 15:46:10,ENV919,CO2,1103ppm,1103.0
2025-06-15 15:46:10,ENV919,AirQuality,257.3,257.3
2025-06-15 16:01:10,ENV821,Temperature,28.9°C,28.9
2025-06-15 16:01:10,ENV821,Humidity,65.6%,65.6
2025-06-15 16:01:10,ENV821,CO2,1114ppm,1114.0
2025-06-15 16:01:10,ENV821,AirQuality,34.9,34.9
2025-06-15 16:16:10,ENV648,Temperature,18.3°C,18.3
2025-06-15 16:16:10,ENV648,Humidity,47.0%,47.0
2025-06-15 16:16:10,ENV648,CO2,644ppm,644.0
2025-06-15 16:16:10,ENV648,AirQuality,390.8,390.8
2025-06-15 16:31:10,ENV188,Temperature,32.8°C,32.8
2025-06-15 16:31:10,ENV188,Humidity,55.6%,55.6
2025-06-15 16:31:10,ENV188,CO2,882ppm,882.0
2025-06-15 16:31:10,ENV188,AirQuality,313.7,313.7
2025-06-15 16:46:10,ENV919,Temperature,24.5°C,24.5
2025-06-15 16:46:10,ENV919,Humidity,66.4%,66.4
2025-06-15 16:46:10,ENV919,CO2,1357ppm,1357.0
2025-06-15 16:46:10,ENV919,AirQuality,117.3,117.3
2025-06-15 17:01:10,ENV821,Temperature,19.1°C,19.1
2025-06-15 17:01:10,ENV821,Humidity,56.6%,56.6
2025-06-15 17:01:10,ENV821,CO2,1474ppm,1474.0
2025-06-15 17:01:10,ENV821,AirQuality,276.7,276.7
2025-06-15 17:16:10,ENV648,Temperature,28.2°C,28.2
2025-06-15 17:16:10,ENV648,Humidity,69.0%,69.0
2025-06-15 17:16:10,ENV648,CO2,896ppm,896.0
2025-06-15 17:16:10,ENV648,AirQuality,81.1,81.1
2025-06-15 17:31:10,ENV188,Temperature,19.1°C,19.1
2025-06-15 17:31:10,ENV188,Humidity,81.9%,81.9
2025-06-15 17:31:10,ENV188,CO2,627ppm,627.0
2025-06-15 17:31:10,ENV188,AirQuality,240.6,240.6
2025-06-15 17:46:10,ENV919,Temperature,22.2°C,22.2
2025-06-15 17:46:10,ENV919,Humidity,40.6%,40.6
2025-06-15 17:46:10,ENV919,CO2,1231ppm,1231.0
2025-06-15 17:46:10,ENV919,AirQuality,323.1,323.1
2025-06-15 18:01:10,ENV821,Temperature,28.0°C,28.0
2025-06-15 18:01:10,ENV821,Humidity,72.6%,72.6
2025-06-15 18:01:10,ENV821,CO2,1155ppm,1155.0
2025-06-15 18:01:10,ENV821,AirQuality,211.6,211.6
2025-06-15 18:16:10,ENV648,Temperature,24.9°C,24.9
2025-06-15 18:16:10,ENV648,Humidity,81.9%,81.9
2025-06-15 18:16:10,ENV648,CO2,1033ppm,1033.0
2025-06-15 18:16:10,ENV648,AirQuality,266.7,266.7
2025-06-15 18:31:10,ENV188,Temperature,33.2°C,33.2
2025-06-15 18:31:10,ENV188,Humidity,55.8%,55.8
2025-06-15 18:31:10,ENV188,CO2,725ppm,725.0
2025-06-15 18:31:10,ENV188,AirQuality,275.4,275.4
2025-06-15 18:46:10,ENV919,Temperature,24.5°C,24.5
2025-06-15 18:46:10,ENV919,Humidity,41.0%,41.0
2025-06-15 18:46:10,ENV919,CO2,1447ppm,1447.0
2025-06-15 18:46:10,ENV919,AirQuality,162.4,162.4
2025-06-15 19:01:10,ENV821,Temperature,25.8°C,25.8
2025-06-15 19:01:10,ENV821,Humidity,56.6%,56.6
2025-06-15 19:01:10,ENV821,CO2,1209ppm,1209.0
2025-06-15 19:01:10,ENV821,AirQuality,116.1,116.1
2025-06-15 19:16:10,ENV648,Temperature,31.4°C,31.4
2025-06-15 19:16:10,ENV648,Humidity,31.7%,31.7
2025-06-15 19:16:10,ENV648,CO2,767ppm,767.0
2025-06-15 19:16:10,ENV648,AirQuality,310.3,310.3
2025-06-15 19:31:10,ENV188,Temperature,21.2°C,21.2
2025-06-15 19:31:10,ENV188,Humidity,54.5%,54.5
2025-06-15 19:31:10,ENV188,CO2,993ppm,993.0
2025-06-15 19:31:10,ENV188,AirQuality,412.7,412.7
2025-06-15 19:46:10,ENV919,Temperature,19.9°C,19.9
2025-06-15 19:46:10,ENV919,Humidity,70.4%,70.4
2025-06-15 19:46:10,ENV919,CO2,987ppm,987.0
2025-06-15 19:46:10,ENV919,AirQuality,83.7,83.7
2025-06-15 20:01:10,ENV821,Temperature,26.4°C,26.4
2025-06-15 20:01:10,ENV821,Humidity,32.5%,32.5
2025-06-15 20:01:10,ENV821,CO2,1233ppm,1233.0
2025-06-15 20:01:10,ENV821,AirQuality,341.6,341.6
2025-06-15 20:16:10,ENV648,Temperature,33.6°C,33.6
2025-06-15 20:16:10,ENV648,Humidity,74.8%,74.8
2025-06-15 20:16:10,ENV648,CO2,463ppm,463.0
2025-06-15 20:16:10,ENV648,AirQuality,171.2,171.2
2025-06-15 20:31:10,ENV188,Temperature,29.1°C,29.1
2025-06-15 20:31:10,ENV188,Humidity,59.3%,59.3
2025-06-15 20:31:10,ENV188,CO2,1084ppm,1084.0
2025-06-15 20:31:10,ENV188,AirQuality,73.7,73.7
2025-06-15 20:46:10,ENV919,Temperature,28.7°C,28.7
2025-06-15 20:46:10,ENV919,Humidity,49.5%,49.5
2025-06-15 20:46:10,ENV919,CO2,1419ppm,1419.0
2025-06-15 20:46:10,ENV919,AirQuality,400.2,400.2
2025-06-15 21:01:10,ENV821,Temperature,19.7°C,19.7
2025-06-15 21:01:10,ENV821,Humidity,63.2%,63.2
2025-06-15 21:01:10,ENV821,CO2,895ppm,895.0
2025-06-15 21:01:10,ENV821,AirQuality,76.5,76.5
2025-06-15 21:16:10,ENV648,Temperature,25.9°C,25.9
2025-06-15 21:16:10,ENV648,Humidity,77.2%,77.2
2025-06-15 21:16:10,ENV648,CO2,692ppm,692.0
2025-06-15 21:16:10,ENV648,AirQuality,319.6,319.6
2025-06-15 21:31:10,ENV188,Temperature,29.7°C,29.7
2025-06-15 21:31:10,ENV188,Humidity,33.7%,33.7
2025-06-15 21:31:10,ENV188,CO2,966ppm,966.0
2025-06-15 21:31:10,ENV188,AirQuality,304.9,304.9
2025-06-15 21:46:10,ENV919,Temperature,19.6°C,19.6
2025-06-15 21:46:10,ENV919,Humidity,70.2%,70.2
2025-06-15 21:46:10,ENV919,CO2,835ppm,835.0
2025-06-15 21:46:10,ENV919,AirQuality,170.1,170.1
2025-06-15 22:01:10,ENV821,Temperature,22.0°C,22.0
2025-06-15 22:01:10,ENV821,Humidity,68.5%,68.5
2025-06-15 22:01:10,ENV821,CO2,1172ppm,1172.0
2025-06-15 22:01:10,ENV821,AirQuality,417.1,417.1
2025-06-15 22:16:10,ENV648,Temperature,26.4°C,26.4
2025-06-15 22:16:10,ENV648,Humidity,63.6%,63.6
2025-06-15 22:16:10,ENV648,CO2,935ppm,935.0
2025-06-15 22:16:10,ENV648,AirQuality,192.4,192.4
2025-06-15 22:31:10,ENV188,Temperature,28.8°C,28.8
2025-06-15 22:31:10,ENV188,Humidity,41.0%,41.0
2025-06-15 22:31:10,ENV188,CO2,1151ppm,1151.0
2025-06-15 22:31:10,ENV188,AirQuality,364.0,364.0
2025-06-15 22:46:10,ENV919,Temperature,27.4°C,27.4
2025-06-15 22:46:10,ENV919,Humidity,76.2%,76.2
2025-06-15 22:46:10,ENV919,CO2,409ppm,409.0
2025-06-15 22:46:10,ENV919,AirQuality,371.3,371.3
2025-06-15 23:01:10,ENV821,Temperature,30.9°C,30.9
2025-06-15 23:01:10,ENV821,Humidity,46.8%,46.8
2025-06-15 23:01:10,ENV821,CO2,874ppm,874.0
2025-06-15 23:01:10,ENV821,AirQuality,150.2,150.2
2025-06-15 23:16:10,ENV648,Temperature,22.7°C,22.7
2025-06-15 23:16:10,ENV648,Humidity,54.7%,54.7
2025-06-15 23:16:10,ENV648,CO2,1257ppm,1257.0
2025-06-15 23:16:10,ENV648,AirQuality,420.6,420.6
2025-06-15 23:31:10,ENV188,Temperature,23.1°C,23.1
2025-06-15 23:31:10,ENV188,Humidity,70.5%,70.5
2025-06-15 23:31:10,ENV188,CO2,1035ppm,1035.0
2025-06-15 23:31:10,ENV188,AirQuality,67.4,67.4
2025-06-15 23:46:10,ENV919,Temperature,28.2°C,28.2
2025-06-15 23:46:10,ENV919,Humidity,45.9%,45.9
2025-06-15 23:46:10,ENV919,CO2,550ppm,550.0
2025-06-15 23:46:10,ENV919,AirQuality,411.1,411.1
2025-06-16 00:01:10,ENV821,Temperature,30.7°C,30.7
2025-06-16 00:01:10,ENV821,Humidity,72.5%,72.5
2025-06-16 00:01:10,ENV821,CO2,444ppm,444.0
2025-06-16 00:01:10,ENV821,AirQuality,337.1,337.1
2025-06-16 00:16:10,ENV648,Temperature,33.8°C,33.8
2025-06-16 00:16:10,ENV648,Humidity,72.9%,72.9
2025-06-16 00:16:10,ENV648,CO2,1273ppm,1273.0
2025-06-16 00:16:10,ENV648,AirQuality,137.8,137.8
2025-06-16 00:31:10,ENV188,Temperature,32.2°C,32.2
2025-06-16 00:31:10,ENV188,Humidity,37.7%,37.7
2025-06-16 00:31:10,ENV188,CO2,546ppm,546.0
2025-06-16 00:31:10,ENV188,AirQuality,245.0,245.0
2025-06-16 00:46:10,ENV919,Temperature,27.2°C,27.2
2025-06-16 00:46:10,ENV919,Humidity,67.6%,67.6
2025-06-16 00:46:10,ENV919,CO2,1465ppm,1465.0
2025-06-16 00:46:10,ENV919,AirQuality,271.1,271.1
2025-06-16 01:01:10,ENV821,Temperature,22.0°C,22.0
2025-06-16 01:01:10,ENV821,Humidity,40.3%,40.3
2025-06-16 01:01:10,ENV821,CO2,1474ppm,1474.0
2025-06-16 01:01:10,ENV821,AirQuality,322.8,322.8
2025-06-16 01:16:10,ENV648,Temperature,23.1°C,23.1
2025-06-16 01:16:10,ENV648,Humidity,79.4%,79.4
2025-06-16 01:16:10,ENV648,CO2,1222ppm,1222.0
2025-06-16 01:16:10,ENV648,AirQuality,315.5,315.5
2025-06-16 01:31:10,ENV188,Temperature,19.6°C,19.6
2025-06-16 01:31:10,ENV188,Humidity,70.1%,70.1
2025-06-16 01:31:10,ENV188,CO2,1112ppm,1112.0
2025-06-16 01:31:10,ENV188,AirQuality,174.9,174.9
2025-06-16 01:46:10,ENV919,Temperature,22.7°C,22.7
2025-06-16 01:46:10,ENV919,Humidity,75.2%,75.2
2025-06-16 01:46:10,ENV919,CO2,1022ppm,1022.0
2025-06-16 01:46:10,ENV919,AirQuality,59.2,59.2
2025-06-16 02:01:10,ENV821,Temperature,29.1°C,29.1
2025-06-16 02:01:10,ENV821,Humidity,49.0%,49.0
2025-06-16 02:01:10,ENV821,CO2,1349ppm,1349.0
2025-06-16 02:01:10,ENV821,AirQuality,362.6,362.6
2025-06-16 02:16:10,ENV648,Temperature,21.7°C,21.7
2025-06-16 02:16:10,ENV648,Humidity,75.5%,75.5
2025-06-16 02:16:10,ENV648,CO2,433ppm,433.0
2025-06-16 02:16:10,ENV648,AirQuality,419.7,419.7
2025-06-16 02:31:10,ENV188,Temperature,33.8°C,33.8
2025-06-16 02:31:10,ENV188,Humidity,84.8%,84.8
2025-06-16 02:31:10,ENV188,CO2,664ppm,664.0
2025-06-16 02:31:10,ENV188,AirQuality,345.0,345.0
2025-06-16 02:46:10,ENV919,Temperature,30.5°C,30.5
2025-06-16 02:46:10,ENV919,Humidity,64.2%,64.2
2025-06-16 02:46:10,ENV919,CO2,477ppm,477.0
2025-06-16 02:46:10,ENV919,AirQuality,204.4,204.4
2025-06-16 03:01:10,ENV821,Temperature,27.0°C,27.0
2025-06-16 03:01:10,ENV821,Humidity,81.2%,81.2
2025-06-16 03:01:10,ENV821,CO2,1041ppm,1041.0
2025-06-16 03:01:10,ENV821,AirQuality,209.1,209.1
2025-06-16 03:16:10,ENV648,Temperature,18.6°C,18.6
2025-06-16 03:16:10,ENV648,Humidity,58.7%,58.7
2025-06-16 03:16:10,ENV648,CO2,1183ppm,1183.0
2025-06-16 03:16:10,ENV648,AirQuality,219.9,219.9
2025-06-16 03:31:10,ENV188,Temperature,28.9°C,28.9
2025-06-16 03:31:10,ENV188,Humidity,43.5%,43.5
2025-06-16 03:31:10,ENV188,CO2,1386ppm,1386.0
2025-06-16 03:31:10,ENV188,AirQuality,408.9,408.9
2025-06-16 03:46:10,ENV919,Temperature,24.9°C,24.9
2025-06-16 03:46:10,ENV919,Humidity,35.4%,35.4
2025-06-16 03:46:10,ENV919,CO2,475ppm,475.0
2025-06-16 03:46:10,ENV919,AirQuality,184.2,184.2
2025-06-16 04:01:10,ENV821,Temperature,26.5°C,26.5
2025-06-16 04:01:10,ENV821,Humidity,35.3%,35.3
2025-06-16 04:01:10,ENV821,CO2,914ppm,914.0
2025-06-16 04:01:10,ENV821,AirQuality,306.1,306.1
2025-06-16 04:16:10,ENV648,Temperature,28.8°C,28.8
2025-06-16 04:16:10,ENV648,Humidity,41.0%,41.0
2025-06-16 04:16:10,ENV648,CO2,1050ppm,1050.0
2025-06-16 04:16:10,ENV648,AirQuality,195.9,195.9
2025-06-16 04:31:10,ENV188,Temperature,31.9°C,31.9
2025-06-16 04:31:10,ENV188,Humidity,54.2%,54.2
2025-06-16 04:31:10,ENV188,CO2,557ppm,557.0
2025-06-16 04:31:10,ENV188,AirQuality,445.7,445.7
2025-06-16 04:46:10,ENV919,Temperature,19.5°C,19.5
2025-06-16 04:46:10,ENV919,Humidity,63.3%,63.3
2025-06-16 04:46:10,ENV919,CO2,1283ppm,1283.0
2025-06-16 04:46:10,ENV919,AirQuality,86.6,86.6
2025-06-16 05:01:10,ENV821,Temperature,19.5°C,19.5
2025-06-16 05:01:10,ENV821,Humidity,80.1%,80.1
2025-06-16 05:01:10,ENV821,CO2,388ppm,388.0
2025-06-16 05:01:10,ENV821,AirQuality,262.6,262.6
2025-06-16 05:16:10,ENV648,Temperature,32.7°C,32.7
2025-06-16 05:16:10,ENV648,Humidity,69.3%,69.3
2025-06-16 05:16:10,ENV648,CO2,1130ppm,1130.0
2025-06-16 05:16:10,ENV648,AirQuality,436.1,436.1
2025-06-16 05:31:10,ENV188,Temperature,24.0°C,24.0
2025-06-16 05:31:10,ENV188,Humidity,61.0%,61.0
2025-06-16 05:31:10,ENV188,CO2,1364ppm,1364.0
2025-06-16 05:31:10,ENV188,AirQuality,217.0,217.0
2025-06-16 05:46:10,ENV919,Temperature,33.1°C,33.1
2025-06-16 05:46:10,ENV919,Humidity,59.4%,59.4
2025-06-16 05:46:10,ENV919,CO2,1380ppm,1380.0
2025-06-16 05:46:10,ENV919,AirQuality,42.3,42.3
2025-06-16 06:01:10,ENV821,Temperature,31.8°C,31.8
2025-06-16 06:01:10,ENV821,Humidity,61.7%,61.7
2025-06-16 06:01:10,ENV821,CO2,1486ppm,1486.0
2025-06-16 06:01:10,ENV821,AirQuality,421.5,421.5
2025-06-16 06:16:10,ENV648,Temperature,27.0°C,27.0
2025-06-16 06:16:10,ENV648,Humidity,47.5%,47.5
2025-06-16 06:16:10,ENV648,CO2,1222ppm,1222.0
2025-06-16 06:16:10,ENV648,AirQuality,315.2,315.2
2025-06-16 06:31:10,ENV188,Temperature,29.9°C,29.9
2025-06-16 06:31:10,ENV188,Humidity,43.3%,43.3
2025-06-16 06:31:10,ENV188,CO2,1210ppm,1210.0
2025-06-16 06:31:10,ENV188,AirQuality,164.3,164.3
2025-06-16 06:46:10,ENV919,Temperature,25.7°C,25.7
2025-06-16 06:46:10,ENV919,Humidity,40.3%,40.3
2025-06-16 06:46:10,ENV919,CO2,1440ppm,1440.0
2025-06-16 06:46:10,ENV919,AirQuality,84.1,84.1
2025-06-16 07:01:10,ENV821,Temperature,28.2°C,28.2
2025-06-16 07:01:10,ENV821,Humidity,76.2%,76.2
2025-06-16 07:01:10,ENV821,CO2,1069ppm,1069.0
2025-06-16 07:01:10,ENV821,AirQuality,55.2,55.2
2025-06-16 07:16:10,ENV648,Temperature,24.3°C,24.3
2025-06-16 07:16:10,ENV648,Humidity,66.5%,66.5
2025-06-16 07:16:10,ENV648,CO2,500ppm,500.0
2025-06-16 07:16:10,ENV648,AirQuality,168.1,168.1
2025-06-16 07:31:10,ENV188,Temperature,20.1°C,20.1
2025-06-16 07:31:10,ENV188,Humidity,31.2%,31.2
2025-06-16 07:31:10,ENV188,CO2,1010ppm,1010.0
2025-06-16 07:31:10,ENV188,AirQuality,444.3,444.3
2025-06-16 07:46:10,ENV919,Temperature,18.1°C,18.1
2025-06-16 07:46:10,ENV919,Humidity,52.1%,52.1
2025-06-16 07:46:10,ENV919,CO2,1103ppm,1103.0
2025-06-16 07:46:10,ENV919,AirQuality,304.9,304.9
2025-06-16 08:01:10,ENV821,Temperature,32.8°C,32.8
2025-06-16 08:01:10,ENV821,Humidity,75.4%,75.4
2025-06-16 08:01:10,ENV821,CO2,1055ppm,1055.0
2025-06-16 08:01:10,ENV821,AirQuality,48.6,48.6
2025-06-16 08:16:10,ENV648,Temperature,18.2°C,18.2
2025-06-16 08:16:10,ENV648,Humidity,64.6%,64.6
2025-06-16 08:16:10,ENV648,CO2,632ppm,632.0
2025-06-16 08:16:10,ENV648,AirQuality,44.6,44.6
2025-06-16 08:31:10,ENV188,Temperature,32.8°C,32.8
2025-06-16 08:31:10,ENV188,Humidity,30.6%,30.6
2025-06-16 08:31:10,ENV188,CO2,1149ppm,1149.0
2025-06-16 08:31:10,ENV188,AirQuality,170.1,170.1
2025-06-16 08:46:10,ENV919,Temperature,23.0°C,23.0
2025-06-16 08:46:10,ENV919,Humidity,45.3%,45.3
2025-06-16 08:46:10,ENV919,CO2,949ppm,949.0
2025-06-16 08:46:10,ENV919,AirQuality,150.5,150.5
2025-06-16 09:01:10,ENV821,Temperature,18.1°C,18.1
2025-06-16 09:01:10,ENV821,Humidity,56.7%,56.7
2025-06-16 09:01:10,ENV821,CO2,1373ppm,1373.0
2025-06-16 09:01:10,ENV821,AirQuality,325.8,325.8
2025-06-16 09:16:10,ENV648,Temperature,31.2°C,31.2
2025-06-16 09:16:10,ENV648,Humidity,61.3%,61.3
2025-06-16 09:16:10,ENV648,CO2,978ppm,978.0
2025-06-16 09:16:10,ENV648,AirQuality,389.6,389.6
2025-06-16 09:31:10,ENV188,Temperature,24.0°C,24.0
2025-06-16 09:31:10,ENV188,Humidity,36.5%,36.5
2025-06-16 09:31:10,ENV188,CO2,695ppm,695.0
2025-06-16 09:31:10,ENV188,AirQuality,229.2,229.2
2025-06-16 09:46:10,ENV919,Temperature,33.4°C,33.4
2025-06-16 09:46:10,ENV919,Humidity,50.5%,50.5
2025-06-16 09:46:10,ENV919,CO2,499ppm,499.0
2025-06-16 09:46:10,ENV919,AirQuality,48.7,48.7
2025-06-16 10:01:10,ENV821,Temperature,27.1°C,27.1
2025-06-16 10:01:10,ENV821,Humidity,69.4%,69.4
2025-06-16 10:01:10,ENV821,CO2,891ppm,891.0
2025-06-16 10:01:10,ENV821,AirQuality,411.6,411.6
2025-06-16 10:16:10,ENV648,Temperature,28.9°C,28.9
2025-06-16 10:16:10,ENV648,Humidity,79.1%,79.1
2025-06-16 10:16:10,ENV648,CO2,450ppm,450.0
2025-06-16 10:16:10,ENV648,AirQuality,315.8,315.8
2025-06-16 10:31:10,ENV188,Temperature,29.5°C,29.5
2025-06-16 10:31:10,ENV188,Humidity,59.4%,59.4
2025-06-16 10:31:10,ENV188,CO2,1283ppm,1283.0
2025-06-16 10:31:10,ENV188,AirQuality,293.8,293.8
2025-06-16 10:46:10,ENV919,Temperature,34.4°C,34.4
2025-06-16 10:46:10,ENV919,Humidity,37.9%,37.9
2025-06-16 10:46:10,ENV919,CO2,1337ppm,1337.0
2025-06-16 10:46:10,ENV919,AirQuality,307.9,307.9
2025-06-16 11:01:10,ENV821,Temperature,20.1°C,20.1
2025-06-16 11:01:10,ENV821,Humidity,48.1%,48.1
2025-06-16 11:01:10,ENV821,CO2,476ppm,476.0
2025-06-16 11:01:10,ENV821,AirQuality,69.9,69.9
2025-06-16 11:16:10,ENV648,Temperature,30.2°C,30.2
2025-06-16 11:16:10,ENV648,Humidity,34.6%,34.6
2025-06-16 11:16:10,ENV648,CO2,519ppm,519.0
2025-06-16 11:16:10,ENV648,AirQuality,172.6,172.6
2025-06-16 11:31:10,ENV188,Temperature,31.9°C,31.9
2025-06-16 11:31:10,ENV188,Humidity,48.8%,48.8
2025-06-16 11:31:10,ENV188,CO2,1348ppm,1348.0
2025-06-16 11:31:10,ENV188,AirQuality,381.0,381.0
2025-06-16 11:46:10,ENV919,Temperature,22.6°C,22.6
2025-06-16 11:46:10,ENV919,Humidity,57.9%,57.9
2025-06-16 11:46:10,ENV919,CO2,976ppm,976.0
2025-06-16 11:46:10,ENV919,AirQuality,158.3,158.3
2025-06-16 12:01:10,ENV821,Temperature,21.5°C,21.5
2025-06-16 12:01:10,ENV821,Humidity,31.6%,31.6
2025-06-16 12:01:10,ENV821,CO2,1353ppm,1353.0
2025-06-16 12:01:10,ENV821,AirQuality,221.9,221.9
2025-06-16 12:16:10,ENV648,Temperature,32.7°C,32.7
2025-06-16 12:16:10,ENV648,Humidity,48.0%,48.0
2025-06-16 12:16:10,ENV648,CO2,1152ppm,1152.0
2025-06-16 12:16:10,ENV648,AirQuality,241.3,241.3
